id,email,password,handle
1,hhornung0@spiegel.de,zN2`B(o7J5t=<CZ,mdaftor0
2,bschulze1@arstechnica.com,"vU3{.Y,PtN86",odoale1
3,ichastan2@nasa.gov,"vJ5""<j4a+Is",rcamili2
4,ccalderhead3@lycos.com,cW2&!~'|Xf,rkeuneke3
5,ebonavia4@devhub.com,wN6?+q>`iS#zO),gbetjeman4
6,lbeedle5@yellowbook.com,pA7.E=}F*LpIbZ,ewoofendell5
7,bbediss6@google.com,hA4<(j`BGUm,aworsalls6
8,smartine7@ameblo.jp,mW2$GOqx7sd,kleebetter7
9,rroyle8@aboutads.info,"uL9/Y=b,",dkenwyn8
10,cconti9@umn.edu,dV1)m<CsQ,awaeland9
11,kcaulketa@nsw.gov.au,cL9|zq2gkG)7,neassebya
12,mgavinib@bloglines.com,kZ6?scs9}%,gseniorb
13,khawksworthc@sphinn.com,"dH3,9kOJ",blaslettc
14,nwankad@godaddy.com,dD5`BPAO,kwhaleyd
15,mpoldene@goo.ne.jp,zP8#U*i=,llaisee
16,scollickf@blogtalkradio.com,fX7(pP4d2c>8GN,wgandertonf
17,jbygravesg@hexun.com,mG1}xA)0QXD7!q,bbaughamg
18,cmcclureh@wikispaces.com,wF2$=pr3,skieldh
19,sduncansoni@discovery.com,sF8~W#$?2.j,dtilberryi
20,lbomfieldj@newyorker.com,rZ2@p7K?,dburdej
21,ldurnk@spotify.com,iO3`)ztTIT,mtolcherk
22,sfretsonl@wikimedia.org,fU8%nmM<dwPOY,hbearhaml
23,psaenzm@geocities.com,uH0{(o''OTRe,fmacclurem
24,bmatterseyn@globo.com,lY0(Of9p#!dv,mmadrelln
25,gthorbono@feedburner.com,yZ3$T|!G}oA,mwhitingo
26,degglep@macromedia.com,rJ0.*{L@Z1D\(,paddinallp
27,jgeraultq@instagram.com,dV3{.8FBMDC?1,abartolomieuq
28,pprestwichr@github.com,"nU7}$J""IG3Y\",amccoveneyr
29,jrogisters@joomla.org,mY2&Us0OpN>y&,ktilneys
30,tbuddlet@telegraph.co.uk,gQ8'zGmCB\UI,wgaylordt
31,ltoshu@usgs.gov,"yD6!f.AGrPLA6x,",lpauleyu
32,dspeedyv@delicious.com,hZ1=~1<Y.'|,jcurnokv
33,mevew@bizjournals.com,aO9\03*m7,jforestelw
34,gbirwhistlex@imageshack.us,hS0|rSfH{lENbN,nkillingsworthx
35,ssmidmoory@plala.or.jp,cQ1|s'z2HKU,dmenaty
36,jgilchrestz@blogspot.com,kL2?mbF{J'MgXT,idaicez
37,azaniolini10@prnewswire.com,gV6~Q<&\3NVY,jbesnard10
38,mandrzejczak11@epa.gov,zM9@pw=*Jd{0A7,udriffield11
39,avanmerwe12@eepurl.com,mN5<c&Cj,pbutts12
40,umcgorley13@dyndns.org,wF2{aLA3L~fmY,boheyne13
41,gorpwood14@columbia.edu,pV6*3+B#I2ywcd,sdredge14
42,zmoyle15@mapquest.com,"zL0"")rY@{P*i",bearwicker15
43,kmildner16@i2i.jp,uV7)!x.`ND6c1),lbasden16
44,snormanton17@ameblo.jp,"uD3,nTDpE",mskittrell17
45,plemerie18@nhs.uk,vA6/`=+A,pballin18
46,nsewter19@ihg.com,eC9.vp<)9<q,ijewell19
47,gsquelch1a@imageshack.us,pM6{/S04EFyp`,mruilton1a
48,trobinson1b@gravatar.com,fJ8({az!2{yMAhk,mkenion1b
49,lbyas1c@illinois.edu,aW2?uRXUyGavJd(x,msargeant1c
50,geborall1d@accuweather.com,xX8@fp|Ap,ddummer1d
51,mfairpool1e@netvibes.com,"oC2.c{+1b2,Uy",zgoodlatt1e
52,vmurthwaite1f@squarespace.com,jN9(&3l?`,fbradbury1f
53,osyseland1g@spotify.com,oK7=hojf(cG(4yB@,wmaddigan1g
54,fpexton1h@webs.com,qH0!xldd,jsiret1h
55,rdeery1i@ucoz.ru,cR6{n=4e#R<,jlaban1i
56,ysprasen1j@ed.gov,"lW9%r4@7A|Js""",rlempke1j
57,lbarends1k@cafepress.com,aF7>IgK%@*yL))i,aickovici1k
58,yetchells1l@imgur.com,eW7?O?3XKM,wmarryatt1l
59,jlackington1m@behance.net,dM1{#$qf3,cdeverehunt1m
60,scotterell1n@51.la,tA5?JjT2'u_Df,sgregolin1n
61,aoflaverty1o@loc.gov,gA2\A=Di%z7>d,dellett1o
62,knicholl1p@tumblr.com,nW0~)_7Mx07aPEw#,haggett1p
63,rdavinet1q@un.org,"eM6_M~\%>5,TuE",scoulthard1q
64,ndisman1r@spotify.com,pC0}l_`M8,dingram1r
65,bleleu1s@nih.gov,wR6)?c_*m@%o*,mway1s
66,mhext1t@reverbnation.com,hL5&(>BrC|VG!C%l,rlondors1t
67,mosgardby1u@walmart.com,"jH8""AwKI",mfilippyev1u
68,mpalluschek1v@archive.org,"nN9}8`<awk,x",hstuddert1v
69,gspurden1w@discuz.net,"mT9""'Yfg6FqPCg*{",rkonmann1w
70,eomonahan1x@usnews.com,"bL0""iQYDB",msansum1x
71,rolfert1y@woothemes.com,"aE6&Ve}~fK@+""V",aspire1y
72,jvogl1z@photobucket.com,wT4@R?R2,mmewhirter1z
73,hbrownsall20@si.edu,dR5%P#Vt,drogez20
74,itoping21@jimdo.com,wU0'n83Cd,rmactrustram21
75,ftruce22@shutterfly.com,qW5.'fXXPib%O9'F,ltonna22
76,cworters23@ed.gov,eX0~TI4%c,charby23
77,lmacon24@github.com,"zY5#p""WzK#&Sc",fhapps24
78,lmattam25@shutterfly.com,gO0`ZC/<#,mmatschoss25
79,jtolcharde26@drupal.org,nF7*ahAk9wOwZ\Pw,aleach26
80,clindeberg27@usgs.gov,eW3|Jm/9QDQ@<BL&,ppirkis27
81,crivaland28@nydailynews.com,dR0!0CFHm#,bgregorowicz28
82,mmcavaddy29@ovh.net,nH9@%ZS*I}ow|8La,asherrin29
83,mffrenchbeytagh2a@globo.com,sB0_qj<m,gbevens2a
84,cstallebrass2b@nydailynews.com,iX1&H7Z3|{b,beskell2b
85,mmacknocker2c@exblog.jp,"lB0,H%zSG5",bcarstairs2c
86,cgrinnov2d@infoseek.co.jp,"kQ2"")wqMHxw745h",bbeiderbecke2d
87,lcortnay2e@amazon.de,"lT9&EG?d},9xIB7",mmchale2e
88,agasticke2f@flickr.com,eE2%sVv/>`,dclemenzo2f
89,breeveley2g@mapy.cz,qG6|sw_F\Cw1K,cwiddowfield2g
90,jwrittle2h@hugedomains.com,rQ5\Ohtl,hodonohue2h
91,tmclelland2i@google.nl,"oN3?""x!zO<{5rV>?",kklee2i
92,soattes2j@jiathis.com,vL2#ymk=V`r)aTy,ethornebarrow2j
93,sowbridge2k@mapy.cz,hC0`vr\nYj,nludwell2k
94,lrunham2l@surveymonkey.com,gQ2+jR~j,kterran2l
95,cbeauchamp2m@huffingtonpost.com,gW8#*n8`R&@,posipenko2m
96,bbuckam2n@hao123.com,"bG0"">@T6RvT3Pm",pdytham2n
97,mohagan2o@cnn.com,rM1{@>rS'O?Y0m~,vfranzonetti2o
98,egresham2p@oracle.com,eQ9?n(&Kh'',ccostelow2p
99,acooling2q@dmoz.org,lW2`OI<fY,kkitcatt2q
100,jmorphet2r@amazon.de,qX3?Ks{fsi,tdugald2r
101,ekorpal2s@joomla.org,iJ0_ItnhrHS$Y2,mwiley2s
102,mmccudden2t@plala.or.jp,"qX0,3sDAG)?",eluthwood2t
103,agodsal2u@wikimedia.org,mC6@`YHM,bgoodrich2u
104,cmacallam2v@eventbrite.com,hR2)'Y5b'(Th&*,spflieger2v
105,oretchford2w@zdnet.com,kU4>GIH9HV6IpR,gegar2w
106,rdisbrow2x@twitter.com,zG4$~H<yO|Ttq,zdrane2x
107,icottisford2y@nhs.uk,iM7%BgtGd@/A%,gstarte2y
108,gpetruk2z@google.es,"xI9|Ee?=Eu$4""A",tkarpinski2z
109,cwhiting30@simplemachines.org,"qK1,|Oo9""Wo|P'",areaney30
110,zong31@ameblo.jp,iM2@XxAWwc9knm,operett31
111,arieflin32@mac.com,bF5<&3l\,gcaudle32
112,tguerola33@jiathis.com,gV2(W_(iEk,mminucci33
113,amabey34@nifty.com,jZ3'eNW/|A/1Y,awalsh34
114,smagog35@github.com,"qO4'_9&w|WYU,",bwyllt35
115,vbridewell36@homestead.com,aZ0?DYcnrWZLf4,rbarnwille36
116,balcorn37@unc.edu,sA8+?|w|3,arentoll37
117,aclericoates38@dot.gov,sH7=y|m5*N|7.U,tsalandino38
118,mdayes39@ft.com,hL1%oRRT\rhDKGn,bpettingill39
119,cfinnes3a@trellian.com,jS8)Aps#!fnO)3Y,nlage3a
120,djencey3b@tuttocitta.it,uS6%VHHRb8.bg=N,jtait3b
121,cattril3c@dmoz.org,dJ5|?nrB,gcrunkhurn3c
122,smelville3d@zdnet.com,uU0?nPma!l,lmoreing3d
123,bsoutherill3e@deviantart.com,cA4_KKraZ&+,smandal3e
124,crobberts3f@dailymotion.com,lI4|*cc0v(OS,ahawes3f
125,jfery3g@zimbio.com,gD4<&k?SI,ctingle3g
126,rmacbean3h@java.com,zW3&O0=gYj,shercules3h
127,rhidderley3i@mozilla.org,dO2@1}s|UW,tshelmerdine3i
128,lyokelman3j@ihg.com,vC7!5mn),dsheringham3j
129,eboater3k@opera.com,uF5.a3!9},kcatmull3k
130,scoppard3l@adobe.com,"zH9>""G97?*/u",cmerrgan3l
131,apibworth3m@usa.gov,uB6}yI5F%y,langlin3m
132,rvaune3n@comsenz.com,"yL2*A)(##'*y3,G",jskilbeck3n
133,ncaine3o@webmd.com,oV0~Dyar'3,mharcourt3o
134,ftutton3p@sohu.com,nT0_A3?@we1NlGB,mmcskin3p
135,adomenicone3q@over-blog.com,kN3}T0X%,lwanden3q
136,jscarfe3r@shareasale.com,lM1>Ul1C,oslyford3r
137,svarker3s@bloomberg.com,"iG8\ma)F,X",oswayland3s
138,dlewsley3t@tuttocitta.it,zW7>FT!1`'*,ebloan3t
139,dhamal3u@yelp.com,hL3#j&(|c?Y,jbaynham3u
140,emcgougan3v@prweb.com,jI0&<K)wSi,cattock3v
141,bkeller3w@trellian.com,xV5&1O%+NnKpWM,sleechman3w
142,smilland3x@huffingtonpost.com,cW3{L7FD,zmerveille3x
143,vfranciskiewicz3y@smugmug.com,zB2%QpXR,ktal3y
144,eriolfi3z@msu.edu,tH4?!BTRCUbMq,rcoit3z
145,tbeglin40@t-online.de,"vF2!gaZ#fp,Xb",mhatchman40
146,crobelin41@cisco.com,wS1_g1qCVOd\/,flemaitre41
147,tguyer42@gizmodo.com,cI9(7*9c~~<SHh9',wemloch42
148,cvarlow43@comcast.net,mB2!+ZO=,scomiskey43
149,ljaskowicz44@mapy.cz,rE5$ZKWhF,adenman44
150,gmillan45@themeforest.net,nE3>o.&'U\B@m\(x,amcgoldrick45
151,dpulbrook46@businessweek.com,pW1+gj!84qsxx%,galeksidze46
152,svockins47@bravesites.com,"dN4),yuz}n>O=E&z",hfigurski47
153,lsemmence48@arstechnica.com,oV3@/Xbk7Y?5&,teskrigge48
154,karunowicz49@cmu.edu,pT6{DvU@O*a5)`{2,glabbati49
155,ivandendael4a@salon.com,dN1?h2g2,wtohill4a
156,dcorless4b@biglobe.ne.jp,kH5'<GA@Y,abausmann4b
157,fyoutead4c@list-manage.com,bY6@@4>mYK5f,ecartan4c
158,pbaroc4d@ebay.co.uk,pT1`cRkXieZ8,hsaipy4d
159,bmilby4e@friendfeed.com,fP4>R%OS_,jmacfarlane4e
160,jetheridge4f@phpbb.com,oQ4{Rk'o.EGD,hgregoli4f
161,klabram4g@parallels.com,"lF7!<aF=V0`=<,BX",lcavanagh4g
162,ncotesford4h@tumblr.com,"nW5)HB""s",covise4h
163,eeckley4i@theatlantic.com,eU5(JO_$*,bstlouis4i
164,tmcmurray4j@netlog.com,"lW2(,QyP)jWfZuMH",asanto4j
165,stolerton4k@shinystat.com,"eZ9$2xU#""hb6%Pb",ngleadhell4k
166,sblizard4l@zimbio.com,"cU5""4A*/O1T5=@",ffritchly4l
167,dborge4m@dropbox.com,cM6~AaM&v?KQ?ky,cboyford4m
168,gnuzzetti4n@list-manage.com,yL1$}@$xZT,mbellfield4n
169,trohlfing4o@who.int,cM1(mANs1T&c%U,bsorel4o
170,jmeak4p@europa.eu,"aK2!_@@x~n""%",flangfat4p
171,jminghi4q@epa.gov,"sR9*z\""@",smockler4q
172,aunsworth4r@cbslocal.com,kF1{TuB}?{OhI?ok,aswigger4r
173,esaldler4s@google.de,fS5\>_(utgT5,mbrock4s
174,jorht4t@epa.gov,yM2(By_*,sfrisel4t
175,grenne4u@ustream.tv,sQ9%%M{jM'W~lpL\,pmartignon4u
176,myakovlev4v@msn.com,hH8{R)py,alickess4v
177,srubenfeld4w@abc.net.au,mV7@j1d/p,ksawkin4w
178,llamberts4x@qq.com,uQ0~$HkE,bgodier4x
179,mhosten4y@illinois.edu,cK8.TIVkO>v0\>vQ,ffeak4y
180,mdeeble4z@ameblo.jp,rC6/t{K0@,fcronshaw4z
181,dsergeaunt50@github.com,kE4%zDo},sockland50
182,mrose51@chicagotribune.com,wR7>tRGtfz,tburth51
183,rmowatt52@netvibes.com,bQ5?p@.2{47%$Vwv,fsineath52
184,bgrover53@nymag.com,qK1{kRI$2Q)V,rnaris53
185,bmallabund54@weebly.com,tQ6)RNLz%N>(9P!,agrenfell54
186,dmckeighen55@delicious.com,bE9#\tUa(Ti=r,bjewitt55
187,bfavelle56@sitemeter.com,eK4<>(1Yri@4@E,khyam56
188,iveness57@hud.gov,"xB2,wx9uzts'C2R",theathcoat57
189,pweir58@mail.ru,fZ9|~))'VxC,ngilbody58
190,ctedorenko59@ca.gov,xH0?njn`%&E+byE*,sbarbie59
191,cpollastrino5a@mozilla.com,zK8`I<yVp/z,arennocks5a
192,jaffleck5b@bigcartel.com,vN8}&!sMX>,fokeevan5b
193,epope5c@wsj.com,kZ5&AG>_TJ,pteresse5c
194,mcicetti5d@msn.com,aR2?Mt2#,iyurikov5d
195,tsimone5e@mediafire.com,iA7.NxJUI4!z,nrafter5e
196,pdudson5f@domainmarket.com,bS7'13<gm0v8V=,qwindle5f
197,hocloney5g@printfriendly.com,fK7&uZ1X*Fd,bbrownsall5g
198,hnaile5h@techcrunch.com,"aF7?S,kuhS",tpoetz5h
199,cbuttery5i@issuu.com,oA9)T/2DXF*0C6',mscurlock5i
200,ggoney5j@icq.com,yU8$yu#Kz<TOuR/S,cbearham5j
201,hskottle5k@cnbc.com,"aH5(swE2+,gvh$GY",apenrose5k
202,cdunstone5l@themeforest.net,iA1?vB{98pm3!/,mcarefull5l
203,erizzardi5m@sbwire.com,mJ4>oA95s,lblindermann5m
204,stune5n@gov.uk,eX8|}Zr\?,sjaquet5n
205,scopestick5o@1und1.de,dN7?Nu+U!,krosenzwig5o
206,ldawney5p@themeforest.net,"bO5/B""J47fp!K@/q",loscanlan5p
207,sdawney5q@wired.com,aK4\pL{w<kM.,mmcmanamen5q
208,ravo5r@about.me,fO5*d_w$V<OB,okeedy5r
209,nbentzen5s@si.edu,zI6&Xq~#|H\,mandreuzzi5s
210,tfeaster5t@unicef.org,"wG1?mt8`sD,b",aweld5t
211,ladriaens5u@sphinn.com,"zP0@Nw.!#,3",cturtle5u
212,epiesing5v@comcast.net,hR7/0)MP),phulson5v
213,nchason5w@acquirethisname.com,fR9*`t.gJYI0L,cwillgoose5w
214,mhannaford5x@imageshack.us,yL8&zAO>,cragot5x
215,mbackshill5y@bandcamp.com,wR6=Bs~v,rkearle5y
216,hchiddy5z@tripod.com,iA6+t(_c?h&C?3,hbugge5z
217,fblazek60@networkadvertising.org,oX1$VC2h,eduesberry60
218,mfrancombe61@artisteer.com,jP1!5qX2}t5,filewicz61
219,cstave62@freewebs.com,cJ7@e'`7?P&,lbasilio62
220,pbehneke63@flavors.me,cP2!ya}Gy<tD|%D~,cjohnke63
221,ccaldecourt64@bing.com,cN0|Ap6nu)JH,rbrahams64
222,jsivyer65@si.edu,mJ2}2UQAlRgZ+,mfletcher65
223,openwell66@alexa.com,"aS8`BS~4M`$""t",mbasso66
224,mpoytress67@google.co.uk,"zA3/VT6fYT(Q,Aj?",abridge67
225,aferrelli68@etsy.com,pS0(}{D=Tq(V67js,lhanington68
226,knoon69@arizona.edu,hD4@p+L9s,ddennick69
227,jsmallshaw6a@vimeo.com,zK3$_yBb9=I,gfishbourne6a
228,cniblock6b@businesswire.com,jJ0'0SXP78e7,emorican6b
229,tnurny6c@ted.com,wZ9@L%b/7,aflowerdew6c
230,chowes6d@netvibes.com,aB2(dCS)Tp,ahinzer6d
231,gjaniszewski6e@yahoo.com,tS6(2@9~06,dlattey6e
232,syeoland6f@instagram.com,cN6+Y(c1'{na!ENa,mworpole6f
233,eblagburn6g@ca.gov,iI9`5ZsGiJ/x_aNF,jpatridge6g
234,chughman6h@uiuc.edu,aQ8><V2mdy2%,lcastagnasso6h
235,ttassel6i@ihg.com,hQ3$R'B`,lcorry6i
236,nodoherty6j@admin.ch,qJ7`QST.D?C*fU,bpepis6j
237,zsisson6k@bloglines.com,gC5*9+0JvcYzm&e,bzanassi6k
238,mgarvill6l@ebay.co.uk,wX2&oTQmV/,aliger6l
239,jjalland6m@kickstarter.com,"pF6,N|\RqiE6",pswatland6m
240,ajex6n@etsy.com,"dF1#'Yl5d""",vyurikov6n
241,rcalan6o@vk.com,hE7!2NWIp9c_,rormerod6o
242,kgordon6p@myspace.com,zE3(qe|0?d|/#46Z,tgarrattley6p
243,dmctrusty6q@wunderground.com,xS6_/r8AzQ|/77A,coxlade6q
244,ademerida6r@si.edu,"jP2.oS,EK@r",crichter6r
245,ejordanson6s@pen.io,tL3)Ngj8,jdroogan6s
246,tsitch6t@storify.com,xF8@k>E%,mrodrigues6t
247,gwoodburn6u@google.ru,"tJ5""`UNN!AvC",aborless6u
248,cegleofgermany6v@sohu.com,qP2{o_zi,bbullant6v
249,rreichelt6w@jimdo.com,fV5=o~dYk2VhZZ,mdamp6w
250,rbrownell6x@sciencedaily.com,"mW7*s&uQWQ2T,",apringer6x
251,ksorel6y@nsw.gov.au,wA0}\YiWmkWh/v,mgoldingay6y
252,srobken6z@chicagotribune.com,fQ4`Us$*@2my?nzD,gwoloschinski6z
253,cwoodings70@fotki.com,"bV9""gbO9(z{y",abilbrook70
254,nofihily71@newyorker.com,xP8@O@4G#Fr,chessle71
255,betherington72@xinhuanet.com,qG4'0p02,acolton72
256,kpackman73@photobucket.com,"cL5""Pr`.Yw6",ccicculini73
257,mleedes74@tinypic.com,"dH9}R*z""Ia",dhazelby74
258,psconce75@artisteer.com,lM1#cqS6,vmcquie75
259,jscallan76@tumblr.com,"sK3)""ToK",obindley76
260,dchaperlin77@techcrunch.com,cZ4!(MQ}\ET)5)ar,emacdunleavy77
261,kdearman78@tuttocitta.it,pK3?g'S$(Ju5,colufsen78
262,omott79@microsoft.com,eT6.8%.n,mvittore79
263,jthomasset7a@wikia.com,gR7|(2Xx|%Tg,gblaiklock7a
264,nbellringer7b@meetup.com,qC7/R`})6\\zi=l`,awloch7b
265,kkingman7c@cocolog-nifty.com,gW1=<UT'8)=1,aburgett7c
266,hmccoughan7d@economist.com,"pR2,(0OZ&cVJN9?B",rdelnevo7d
267,santushev7e@wp.com,eI5}uUoQM6K'S,cbenit7e
268,dharryman7f@newyorker.com,mZ4|pkCjx`,belfleet7f
269,abenthall7g@independent.co.uk,nJ7!LmQX5!!\3,whaveline7g
270,aedmondson7h@cdbaby.com,uP2=<)Uh*_r`R{,tbaudone7h
271,hbanyard7i@ask.com,zH0*V$+c%m,aclayden7i
272,cskoate7j@intel.com,bQ9.dTMcUP(Eu)>Q,kcalderon7j
273,arotter7k@dot.gov,cG4<+rv|NJeKy,tcoull7k
274,mpeart7l@mlb.com,yO8_p#ofAVaIkKq,jduddell7l
275,dcomport7m@geocities.com,"kE7,vD>""f0N+%$",pbaythrop7m
276,njahan7n@symantec.com,yL5&G{s+pCeqQ*,rkeilloh7n
277,pgentner7o@histats.com,aF0`L2L}lr,bskyram7o
278,jmelanaphy7p@meetup.com,zI6#5MiZYU7HNO,clardnar7p
279,flerhinan7q@imgur.com,"gX8@+>ShNF,(L",vlomasny7q
280,hgreenman7r@sbwire.com,hU1%M||<aF~y.R,cbehne7r
281,afreezer7s@forbes.com,rD7_'x'k{&/,hdiantonio7s
282,biacomini7t@forbes.com,zI5&\YEdfd,hhadfield7t
283,arodenborch7u@businessinsider.com,cT3!zQ|O>>5hHJ,evondracek7u
284,kbroadhead7v@bigcartel.com,gV6_Np<'q%s#Moq),czanardii7v
285,wdemschke7w@bluehost.com,"hL1>6y!E\yj,Wcu",todunniom7w
286,bfishe7x@elpais.com,rR4_5BGDcF$,nnewiss7x
287,olardier7y@ameblo.jp,kX7$2I~i@Lu,coller7y
288,bcredland7z@bravesites.com,"mZ7,PHZ|qe",bgerhartz7z
289,omatuszyk80@dailymail.co.uk,oP8!DHU5jA?,sspellacy80
290,dormesher81@yelp.com,zC9*W3&SX75,faxell81
291,lperryman82@msn.com,uL0)1o%T%p!5,cbentall82
292,bshrubb83@slate.com,aL6'1LKh</,ltrustram83
293,rleathe84@wikia.com,eL8@j7BrJ\I!zN,blanning84
294,lcairns85@tripadvisor.com,"zZ3,}/9,z}4#pp63",mniccols85
295,fwoodley86@ucla.edu,oB2(_X<Fl&4Mc,hjolliman86
296,sfeifer87@godaddy.com,"hS9,7g}e)\",scovotti87
297,mgutridge88@apple.com,sU5=0l5zTK8PzN,lbaroc88
298,ostrothers89@walmart.com,bC3!YqxmHxGcpG_!,mjentet89
299,eleveret8a@lulu.com,qE8?E}HMhm!cG|u,respinas8a
300,cbelvin8b@toplist.cz,gM0}EAao,rdemanche8b
301,dcowlin8c@thetimes.co.uk,"hY4)Le""Ujl2<%",klefrank8c
302,waire8d@state.tx.us,vU8~5sQ~(D`,jledner8d
303,tmcmackin8e@mapquest.com,kD6#AYx{#x}R,afackrell8e
304,vpimlett8f@networksolutions.com,zE5`WtP&_TMd,dstaining8f
305,cmcmackin8g@google.es,xZ4+9sg'{,btedahl8g
306,kpendall8h@apache.org,"zH4>#Jd8,",kcostain8h
307,lmullineux8i@dell.com,"mK9""Tv7.coV)9x",ishowt8i
308,fallden8j@drupal.org,oZ8$RM8#O,mmaylam8j
309,rcinderey8k@bigcartel.com,nC0)JUeT%,amcilvaney8k
310,jcherryman8l@cbslocal.com,qF3>*cSi)}(C3,idennett8l
311,cfausch8m@intel.com,uA3{A}4f,kbeernt8m
312,mtrenoweth8n@apple.com,tF1)wz.tG*76,aflexman8n
313,hhorrigan8o@zimbio.com,vQ1+Ul{n2h|<h#,wdeam8o
314,ktrillo8p@smh.com.au,rJ8.~wDdhs,mtraut8p
315,dclaridge8q@unblog.fr,bQ4!txq&`n5tk<',lmcgerr8q
316,cdornan8r@cargocollective.com,qX6~MB0TLZ46,rkick8r
317,rblurton8s@yandex.ru,mY6#b?D\}vU{3Xr,ejoinsey8s
318,kcaff8t@google.cn,rT4|y5=BP!o>=<P,agladdor8t
319,cmccullum8u@nasa.gov,iM8!kqMi,equiddinton8u
320,kedgcombe8v@unicef.org,cQ5|P`65nXEmf,acarletto8v
321,wfackney8w@amazon.com,fM9@g$$',gkabsch8w
322,ccoxwell8x@list-manage.com,xK7`@d3tw@_,dwong8x
323,ahuison8y@t-online.de,cZ5\SOw%XNmCMje,jhansod8y
324,dgeroldini8z@berkeley.edu,jG2(Dpj\qIHuGZl/,gzupone8z
325,djaggar90@last.fm,tN4~PWp)+cq!P,ttineman90
326,jperegrine91@skyrock.com,bY3'5~@f6\pkb3c(,wtroillet91
327,bmaccrea92@jigsy.com,gA7{kZJ<KE,bswains92
328,asouten93@illinois.edu,yQ4/Xlz1mrF|U,aropcke93
329,nvanacci94@people.com.cn,"kE6,lAkb?R9DdiN.",tmactimpany94
330,wlinbohm95@goo.gl,sW1<TC0|_m,tadam95
331,gbeese96@si.edu,dP5&&7>Sln)(,cboldra96
332,sgeering97@jugem.jp,fU6.'XNb,ipryn97
333,dmolan98@mayoclinic.com,"qG0>v3\je>},)xxl",sphilpot98
334,mflatte99@cbslocal.com,yV0{tjmoTY2<<Q,sbrock99
335,fsager9a@github.io,oR3{~<~|t8x,rmilella9a
336,ksimeon9b@ihg.com,zO9$d4c|=ZYDfKQ,nbauld9b
337,mpilgram9c@etsy.com,jU1'*3/0*1oHNLd,rgillbey9c
338,mburds9d@newyorker.com,"wL8$!1{L_nTd,k5a",dstodd9d
339,amuscat9e@army.mil,kN0\AShIqnG7no?H,mmaccaghan9e
340,moleary9f@nbcnews.com,pR6|~t4'JYZ?|,spetters9f
341,ctidder9g@walmart.com,mW6*YlZKLy}R/f,aisbell9g
342,jbryenton9h@acquirethisname.com,cO8_/MEmq<Dd,rduffil9h
343,lgutch9i@flickr.com,nN0}t5%jq.wV,jlimpricht9i
344,sgriston9j@blinklist.com,zZ8~4Gz>|,kfrantsev9j
345,fkennington9k@themeforest.net,tK8$PciK,fwoof9k
346,smckue9l@businesswire.com,uT2<<mlb3X*,aeinchcombe9l
347,nderoberto9m@vimeo.com,"aZ6'e1t%""8CS",gbendan9m
348,dpearmain9n@drupal.org,"mU9\dhuflh,",gdhooghe9n
349,ajess9o@vk.com,eS0/>$7x\R&EAg,bthorneley9o
350,btruelock9p@home.pl,hC2|/EY+,jkibbye9p
351,nsuggey9q@nps.gov,yZ1@$5GB|ln~5,wroeby9q
352,mredgewell9r@google.de,jT4?u}e9\Y#r'N_,dmaudett9r
353,dmccarthy9s@mail.ru,zN0@Rw|XlQ5J,gwandrich9s
354,obarron9t@cargocollective.com,"mO7_,r+6X_fX",jtarrant9t
355,ckear9u@ameblo.jp,uN0#3e'3xXuF,pablewhite9u
356,msabatini9v@chron.com,qE0?0A}C<G,jlechmere9v
357,bwastie9w@slideshare.net,uM2{%U`~I,abridgwood9w
358,hsanbroke9x@reuters.com,jV8({vFK%jS,owissby9x
359,gveighey9y@ucoz.com,dS1@T#N=p'O9},btheriot9y
360,fgarrigan9z@google.fr,"rC5#\.k\""PLL?",czecchinelli9z
361,lboissiera0@usda.gov,kE9>'rt#7}n?+,sseina0
362,awordsleya1@cocolog-nifty.com,nB2*rTx?vF\|t<,rspawtona1
363,mhaugga2@biblegateway.com,fW1*0T$G+1&aC,theismana2
364,yvaskina3@mit.edu,lY8#a{OGAT,tbrowsea3
365,fekinsa4@cpanel.net,pM3.>A.y)>!u?},hbassanoa4
366,mraita5@guardian.co.uk,"qF9,#>sM6/""3=W",ihumpagea5
367,ccereceresa6@skype.com,"sR5<,2y_')Bi&+v",nlalleya6
368,kvarleya7@eepurl.com,wJ9\0u%*QpxghG9,jceschinia7
369,bcarthya8@virginia.edu,jB6..nPX2N`iKf6a,fyepiskopova8
370,sfroscha9@miitbeian.gov.cn,aO4`o=g2OawWg,sbatona9
371,wliesaa@about.com,tQ9/s?.Z+,rgrigoliaa
372,rbraunthalab@list-manage.com,sP8}hx1U.y,gthurleyab
373,hadamczykac@vk.com,fH1}U\=89jkC=,sjenmanac
374,mloodyad@mapquest.com,rF1|7B%E>b,tgyngellad
375,lyearbyae@disqus.com,rJ9/\2v.GIDN4\/,bkeeriae
376,kloberaf@buzzfeed.com,"mB4,j!nDi'yJ8j'=",lleggateaf
377,ehargreavesag@123-reg.co.uk,rX9%X0=b`(,fwimpennyag
378,gmelinah@gmpg.org,pS5{_`nIvs,vjanewah
379,dbernardesai@nytimes.com,xY2/Fya+p=,kdedomenicisai
380,lgoselingaj@nifty.com,yF7*Xd%pL%<q*L?,pcalltoneaj
381,aesselenak@google.com.au,sM1@kEkPUK+t,bfooterak
382,mthayreal@sciencedirect.com,dR4%Tt%Kkty1,ejansikal
383,mdomaschkeam@addtoany.com,sK7`N/p5uzM0,hdorrinsam
384,amacieiczykan@hubpages.com,"oY8,!ZFI&0l",npenhalean
385,rrosenhausao@plala.or.jp,wG9=RGR81iA,dcritchellao
386,mhandlingap@vimeo.com,eV3_P~VcLG'/Cfg5,emorrottap
387,mclapsonaq@slate.com,dK7*9?A|'f*,tgrassotaq
388,tbeiningar@altervista.org,"dH4,N8'6#%I",pmonellear
389,eattfieldas@nhs.uk,wL4|Lx\X'b,bbrigdenas
390,pseymerat@ftc.gov,rH5|pFROu~N,lolenikovat
391,wbardnamau@webnode.com,"pO7.""gOw",shugginau
392,khamorav@stanford.edu,nU0=(Il4j~C9+h0,dparrettav
393,cghelardiaw@redcross.org,"bZ8'hwGG""}uvC>",egouldebyaw
394,dtwizellax@ezinearticles.com,"sH9@,Nk=)*V",afollacaroax
395,sillesay@si.edu,nV6(V((miuNWq,credittay
396,mmannieaz@who.int,bW3<zb\5r@_(IIa,thebdenaz
397,afellmanb0@fc2.com,nT9*6/Qmj1E??,bsowdenb0
398,jbouldsb1@ocn.ne.jp,nI6'=ZON,eferriesb1
399,elavigneb2@vkontakte.ru,uL2=92MZvV>D#,yfaveyb2
400,rberrisfordb3@digg.com,dE2>PIjq&,ddossetterb3
401,thargreavesb4@ebay.com,jG5<J7u{}jp5,mwaleb4
402,rluckingsb5@sitemeter.com,"fR5""y.!Eu$BG(",ccoundleyb5
403,kmaccarib6@nyu.edu,sK0`@xC0sC|ii,cogelbeb6
404,gfriedlosb7@jigsy.com,kU5>a$(Hf_xpQ!,hainscowb7
405,keberzb8@discuz.net,dZ9!)>h1Is=,mhindgeb8
406,aonionb9@csmonitor.com,qY6{V=48X2$/,lsprostonb9
407,hblenkinsopba@tuttocitta.it,"dW3\1j17ZX,Xa\D",belacoateba
408,bhobellbb@de.vu,"zJ6&b@Ti""<V",pbaggaleybb
409,aholdforthbc@marketwatch.com,aN4>F}Wv,jfairleybc
410,spassbybd@mayoclinic.com,dI5$nksG.f3>`yR,nloudianbd
411,ooshaughnessybe@omniture.com,iF0|~}mc4>4\$pM,dhullsbe
412,gbellellibf@edublogs.org,bP6?>Ro+F,pshavebf
413,jbassickbg@sakura.ne.jp,gL0{59ZAz,dfarquharsonbg
414,lmulryanbh@tiny.cc,lS1\2eO5UudN31Q,vdownsebh
415,ctrevainsbi@youtu.be,"hX6&<""SY?.",sfawdriebi
416,bsmurthwaitebj@marketwatch.com,yJ9*I7A!TWtBaP,klalleybj
417,alowbridgebk@taobao.com,tE1>h45)&Sd~O?,etaxbk
418,omacianbl@quantcast.com,nN8%TqB{.#B,rklimushevbl
419,rsimmigbm@freewebs.com,yY8|QNUVWq/,gspikeingsbm
420,ebrandenburgbn@ocn.ne.jp,yD5*Pgo#%t4b,gmantrupbn
421,rairdbo@census.gov,"mW4!""6tdI<O",bgrigoreybo
422,bbrigstockbp@webs.com,sR9~BzM=KF#(Wij,tskoofbp
423,dgoodsalbq@marriott.com,dO4(U/?FOq7,ssappsonbq
424,gtamplinbr@webs.com,oZ8@eG7ZimI,olaurencotbr
425,lfoardbs@yellowpages.com,hW3/{$sO/1Y>CYt,eclaydonbs
426,hgapperbt@mediafire.com,xW7_i3k?,amaggioribt
427,lheymannbu@columbia.edu,"hH3',(ufVPUmmef<",selphinstonebu
428,sphilsonbv@ameblo.jp,zK2${!cCDhSLo,dvivienbv
429,gdecreuzebw@bloglines.com,kA5?&k)ouv,dfrowingbw
430,malthambx@digg.com,yL5&f>UH}4WnxU,vedwinsbx
431,jmaundersby@java.com,bL5_mwZ~Vm,mojedaby
432,arignallbz@usatoday.com,wW5>A`>P|f&&jYv,djankobz
433,mdegreyc0@engadget.com,"zP2'C},?c9a5",akaszperc0
434,rkorejsc1@economist.com,hA1<o9||#JCe=f,pcutteridgec1
435,ggudahyc2@earthlink.net,wV7{Rv|5_mz,acaplisc2
436,rdossetterc3@nbcnews.com,oV8&tp5}dU|AZUe,kdillewayc3
437,esneydc4@wordpress.org,qW5?qaPMv\DzbY9},dwimesc4
438,emackneisc5@phpbb.com,"uW1*_$!,",cgiacomassoc5
439,gmaggioric6@istockphoto.com,"fD5~R%(,%",dlaisec6
440,jfridc7@discovery.com,"sZ5,rWS?>2ET\l)",igummoec7
441,jpickoverc8@xing.com,rO5'2wSj)jul,jhabberghamc8
442,ssissonsc9@1und1.de,xS1~C68+=%Q%,znottramc9
443,cstubbeleyca@networkadvertising.org,iZ1>CWx#7<3nS4,bnooneca
444,hsinsoncb@geocities.com,"yC7?+""#+p.V+",amellodeycb
445,sdunstoncc@vistaprint.com,jO1+DY!GXXarueD%,acristoucc
446,kgirdwoodcd@mlb.com,"aK6',y*gW0bV",maingecd
447,rpantlingce@canalblog.com,kR6>T|m#8k,bgoodace
448,tgumleycf@dell.com,"nO5$h0lczFK""',6",cjoselsoncf
449,lwaycotcg@umich.edu,lR4&$Ssx,asearchfieldcg
450,gmurpheych@nationalgeographic.com,oF7%T!S.5+I=H,afairbridgech
451,gstopherci@cam.ac.uk,"wJ0,Ewj1USoLLSvS",jblackallerci
452,rnoodscj@bigcartel.com,jF9*rdOKN,adullinghamcj
453,erentoulck@shop-pro.jp,sU3>ca%2K,fshipstonck
454,cbirthcl@gravatar.com,hP8#CT75PS,mpancoastcl
455,eantoniottiicm@fema.gov,bW2)uVQYg\c@u6~R,rbroggiocm
456,pmackintoshcn@weather.com,nP2\a9q(kMT,pcowapcn
457,knaysheco@deliciousdays.com,uQ6~+sJGGKv_ecI,slongshawco
458,fflinderscp@chicagotribune.com,oB6!+|JnQ.=|,lkinastancp
459,gfleischercq@abc.net.au,"vA0,gvi/",epoagcq
460,nlouthcr@discovery.com,iW6~ymHPq*.q,aredborncr
461,cgillionscs@fotki.com,"xN9)F""U*+)",gmidghallcs
462,echristofidesct@google.com.au,qQ7{I~nmd=AFs{,cpetronisct
463,cpurlecu@webmd.com,fM3#g*Ak>5XsY+b,cnoyescu
464,adeathcv@webmd.com,gV9}Dv%O,arotterycv
465,lbafordcw@bloglines.com,oN3_XDz0,ewignallcw
466,goencx@foxnews.com,"nT8$F8\2DO/D*,",cmicklemcx
467,fraucy@mlb.com,tC1)QX=yz\x&QR,jmosescy
468,avankovcz@craigslist.org,mT8~eplphz4,mgodarcz
469,cjevonsd0@creativecommons.org,fA2`Abv_dM,dcrapperd0
470,ggrayerd1@behance.net,dA7#zk8&ysy70nL,salwelld1
471,rdacombed2@gizmodo.com,"gC8>.VGB,$vA~/G8",sjeromed2
472,cfatharlyd3@yolasite.com,"oE8,#1`""VVXlgq",aplacidid3
473,sdennistound4@infoseek.co.jp,xL5|KvD(Gp2/,hcustedd4
474,mzuppad5@gizmodo.com,"aM0%=""|4X*G",sfilippid5
475,ayoungloved6@fotki.com,zS9(xEn8ULpGbNp,pheidend6
476,kvanezisd7@mtv.com,"jK0,Dk*4",nambroziakd7
477,kyouteadd8@macromedia.com,lN8/AuPbUM2`,gskehensd8
478,hclubleyd9@ucla.edu,"bY1,BLn6l",sloughheadd9
479,mwinckworthda@latimes.com,lA5)1gk#vo_Ae,czukerda
480,blearoiddb@nydailynews.com,"aC2="".<'FC$cprB",gmacquistdb
481,sklejnadc@sina.com.cn,"nE8,C%`L",byoseloffdc
482,nspouredd@vistaprint.com,fQ4?FrGoK,fcuerdaledd
483,sstrikede@arstechnica.com,yT7<{CadjO,misakowiczde
484,esabaterdf@posterous.com,zA3$xIy&t,mwheardf
485,ndaintithdg@independent.co.uk,"kN8,>a7OHCt",kginsiedg
486,ekobschdh@ted.com,qX4(Jb&H,abreslaudh
487,jbendelldi@merriam-webster.com,tD8{)E=OP,hphettedi
488,tnixdj@exblog.jp,qA9.6h}>F(,claunchburydj
489,dfludgatedk@hugedomains.com,lT7`UKDr6,dgullbergdk
490,kpeartondl@biblegateway.com,rM2(Z}ZeMc)+,gbradtkedl
491,dbruinemandm@cyberchimps.com,xS3)+4T6%wVOXX,gbrennekedm
492,laberhartdn@telegraph.co.uk,dB6)Q)Ry,amcknockiterdn
493,esibthorpdo@xrea.com,hJ8(6#fpX,fmckinnelldo
494,asargooddp@zdnet.com,gW2(fj('>o%3kl,abittertondp
495,fackeroyddq@aboutads.info,iM4'@E7mNR,fskasedq
496,robradaindr@thetimes.co.uk,"hB2{(60gc)Lgc""~n",taudsleydr
497,ddilliwayds@dagondesign.com,mN9<#*7L%'D,akurtonds
498,lbrocketdt@omniture.com,lS1\@+H&?R#,fserridgedt
499,ohouricandu@ask.com,iT1_~F(ADgx,jchampagnedu
500,cdimmickdv@icq.com,sM2#.SIrqjStr,nkubiakdv
501,mdungaydw@tinyurl.com,iA0#AD4#,draitdw
502,rhassalldx@hp.com,eM2+xr%tjd.,jedmonsdx
503,siacivellidy@nyu.edu,kZ7=!wMfTdZ0ffc,rblinckhornedy
504,hadamidesdz@washingtonpost.com,oS4(f=9/g,cdownagedz
505,cnorquaye0@ifeng.com,nU5<3Q|0LKUJJQcJ,cdelucae0
506,jmoorcrofte1@ycombinator.com,sV4!0!U|sX,nroggeroe1
507,mkiljane2@addtoany.com,oA5|!'Po*jmgsj},sstarbecke2
508,lkehoee3@reference.com,"mY6,}?d<c+",lsabeye3
509,ajestye4@yahoo.com,jU9&sO%Gy4Au}IF,dfurslande4
510,rbrognote5@yale.edu,"gH8'D(A/""'lafxT@",tmordecaie5
511,chamberstonee6@umich.edu,yY1$p*cdGaQ,afibbittse6
512,mpotkinse7@wunderground.com,eA8(cwQ`Tfz`o~s,rslocombe7
513,mebdone8@hud.gov,eP5{(`n(Xb,yprowsee8
514,mappletone9@google.it,jU7&QASVYU>Ta%p<,kduncansone9
515,ualeixoea@sun.com,xO0@H{hMs8%jsY,fstaveea
516,aveltieb@studiopress.com,"gL9""@pO/",csteptoeeb
517,ledmundsonec@bandcamp.com,rO3(f@awi0H+0,gmacaughtrieec
518,pspuffarded@rakuten.co.jp,nD5%C2e154q?(P\,sdarragoned
519,aleonee@reddit.com,zT9<4iYM\,bnewingee
520,nstolleref@istockphoto.com,sD9)CVX!,tbonaireef
521,lmaccorkelleg@flavors.me,nZ9!=W5?<EBE?B7,tslaytoneg
522,jsignorieh@goo.gl,gY7>&F`Ca=2U),jclosseh
523,cheavenei@instagram.com,"wX2""kV5`fbezwwVZ",braschei
524,scruwysej@businessinsider.com,kB0(sX*Qkh,mondrakej
525,fpylkynytonek@dion.ne.jp,wS2*0W<6~*,bwolferek
526,escrivinel@amazon.co.uk,nM1+(KQYIVD,malyonovel
527,sschermeem@ustream.tv,qA5{X+vU,jyakobowitzem
528,afletcheren@mapquest.com,vT3{O4A)>6,opetticrowen
529,rseamanseo@exblog.jp,uS3\'0~h,ychasteleo
530,eferrieep@cpanel.net,gP7@1%=+q?n9?E'c,alemmanbieep
531,lnewitteq@jalbum.net,"oJ1%D,=54$F\r",sdeppereq
532,jiacopettier@yellowpages.com,"fA1>La7D""2c""Lx",acoyneer
533,lnovacekes@naver.com,"iD9)7gxbF<Z""l&",nzorzenonies
534,emariniet@unblog.fr,gT7\evveon!,lbridgeret
535,ufilpoeu@seesaa.net,iQ4`_UhW,fgowdieeu
536,zwalkdenev@samsung.com,qQ0\cghG,bcadallederev
537,mschermickew@miitbeian.gov.cn,nZ7(K_5REs.WGj,ltoalew
538,dgraystonex@theguardian.com,dZ5}$~`8,kmaccaugheyex
539,lshervilleey@spotify.com,uG4>'fsd@>,hwoodruffeey
540,jjantonez@thetimes.co.uk,gE7+I/wkl,jsaladinez
541,vinsullf0@bing.com,qA7%wUKCXDU,gminesf0
542,ilightf1@twitter.com,sK8$}KSl7rvSD4L,mserridgef1
543,aeringtonf2@mapquest.com,eI4=6my8TRF8X,gmcquillenf2
544,jcharettef3@de.vu,"rX3+xYad,gsV",jvasilischevf3
545,dizakovf4@flavors.me,nS4.h\1r,amerrettf4
546,abogiesf5@google.cn,jH8}jtvBtz,benriquesf5
547,mscarlinf6@intel.com,cK3!8o~*w!q#,vdellascalaf6
548,calburyf7@shop-pro.jp,"xC1*Jd!GP?41f""y",cstutef7
549,sallsobrookf8@stumbleupon.com,"jB0~""_0+)'(~",shaygreenf8
550,mpearnf9@businessweek.com,yL9}Iw3|oPb,lboyettf9
551,cmeadsfa@ezinearticles.com,yB3}Ir5X9OM7Xf,rfussellfa
552,abenziesfb@example.com,"nH0'T!3I@ray""",gyakuntzovfb
553,edarterfc@networkadvertising.org,hI9(P4{wCo)Kl2,ssidsafffc
554,vcastelluccifd@acquirethisname.com,tZ2!&VEG,ldongatefd
555,sderislyfe@irs.gov,fP3@YgGw992,leusticefe
556,bfollissff@topsy.com,nO1)xz{#%,mbarenskyff
557,jpesticciofg@mozilla.org,pJ6*mTUZ,nlethleyfg
558,fcongramfh@prweb.com,"gG0%\""NK<,Hd",tcastaignetfh
559,dmcfaterfi@washingtonpost.com,iB4'77/DQ+M,fcullinanfi
560,kmaccaguefj@yahoo.com,"wV9|Ken@y,uw~",hwincomfj
561,kcaddockfk@godaddy.com,xD8=0$Y%gyihR3D,elowdyanefk
562,mgaggfl@bbc.co.uk,sD3&~<r1,jhaigfl
563,nyeldonfm@usa.gov,"mG2`Nti(AF,",lglanesterfm
564,ealeevyfn@sfgate.com,yT3*5mT),bthomenfn
565,rchatenierfo@plala.or.jp,hU4}D|FKv,rshepardfo
566,bshadfourthfp@google.fr,iD9!vL5<bQI|(E.z,cmonsonfp
567,bpengellyfq@digg.com,hO7_E5DBh0)$?u,gzapaterofq
568,kcluettfr@zimbio.com,iL7)5P#T,rvyelfr
569,fdisneyfs@addthis.com,vO4~/EvDk'mG,sprickettfs
570,cnorthidgeft@latimes.com,gI2~uNmiq#kUX(yO,akynstonft
571,broughtfu@nbcnews.com,iT1{cx8!,sschimkefu
572,udodlefv@nbcnews.com,zI2<`Duc=C,ldebernardisfv
573,cvannozziifw@phoca.cz,"eD6?""lX.E~",sbuswellfw
574,smowbrayfx@msn.com,"bT8,PBOEsCI",kmcileenfx
575,mbritonfy@nps.gov,iM4$nSu#Z<0pbPL,rdulantyfy
576,hjenneryfz@chicagotribune.com,"bX1.N,k?",lwinklessfz
577,nbragerg0@blog.com,"oJ5,sDT!6xDg+",bverbruggheng0
578,mbarksg1@nydailynews.com,aD1&#K9{6,hjoshg1
579,rbertheletg2@constantcontact.com,"vH0%9|""hR@)",jelgarg2
580,jalekhovg3@jugem.jp,hG9%|W_(.>_A3=dh,dkeigherg3
581,bshipcottg4@senate.gov,"vB9>Q6r7""D=(x*",olaidlowg4
582,kmoroneyg5@redcross.org,iU6#+zd)%j8y,mlovartg5
583,kmeaddowcroftg6@squidoo.com,aE9?dnD=H,sfeareyg6
584,lhellmerg7@wikia.com,cX2{.DK)YtnxZ\W,cbeloeg7
585,hparkesong8@npr.org,hG9%DUK0Eda{SA,wpersehouseg8
586,ehatchardg9@wordpress.org,"aW4+""6q?3n9",tvalleryg9
587,lscougallga@patch.com,rQ5$&zUS!B,bmcmurtyrga
588,prumingb@infoseek.co.jp,"lU2_)y2,",aschollergb
589,bcrombgc@hc360.com,xE0{I+<$GfzTz!G,tgreetgc
590,ktremontanagd@springer.com,oT9}xzlyCr(U,ksehorschgd
591,manglissge@cisco.com,yI9<q>RtZ,jbykge
592,msilvestongf@comsenz.com,yC0&9Ljp.lpfF4`8,gcoxengf
593,tlazaregg@si.edu,"pB2>Tf$""m",shaglandgg
594,lkinradegh@sun.com,sJ3)4.>ZZFu,sgorssegh
595,amattsgi@gov.uk,lI6@@VRg,gcleargi
596,amurrellsgj@scribd.com,bU0}g}@w,kauburygj
597,sgarnamgk@php.net,"lB9!SWv0>OW""",vkyrkemangk
598,lbenzinggl@mtv.com,lK0'&7eds}LI,mrenggergl
599,npymargm@nifty.com,sK6++5+*HW<VA,igodboltgm
600,lsturtegn@usatoday.com,"yG9&""BW}y1/hEC1",dtiddygn
601,dstainlandgo@sfgate.com,bP5?~S.GeJf,gguillotongo
602,obelbingp@tumblr.com,mW0?7'yn,zquinceygp
603,bomullallygq@domainmarket.com,"bU8~""C61p",amcdouglegq
604,rfermorgr@buzzfeed.com,dD9=~Jo5{4THw,dbrownegr
605,dberrillgs@printfriendly.com,"uS0&W""Oo",lstaubyngs
606,mgreatexgt@github.io,"lD2'$QhnL,cb",ahoodlassgt
607,csmithingu@ifeng.com,wR1@w5hY,adawidowitschgu
608,mhemmsgv@soundcloud.com,"wB1+`1m5""@EHB",mcardinalgv
609,sguppygw@parallels.com,wV3=PYbBKV%AZaH,dlincolngw
610,ddunsmoregx@who.int,lX7.t'TslE,lbrownsallgx
611,jschoutgy@indiatimes.com,sO0_L9YF)>,mmcaulaygy
612,krustedgz@state.tx.us,iQ5~LaE.),cgatehousegz
613,vtrebleh0@epa.gov,fX6~Ie9WnQa,zbrayfordh0
614,wcubbinh1@jiathis.com,pJ2/FJ&'6x.Fc!XZ,tdibdallh1
615,rmarchingtonh2@weebly.com,rB7$$uxB,bpeaseh2
616,fbeverageh3@upenn.edu,rD6&X=!8o5K,anestorukh3
617,aharmestonh4@cmu.edu,zK5+JrpA,mcreadyh4
618,vbackenh5@themeforest.net,bC9_K>unO*&,tmermanh5
619,uiacovaccioh6@tripod.com,kR7\WJT(63(~7/kX,mshielh6
620,rmceniryh7@dmoz.org,gF0=)IOy)PnnC,raggh7
621,sgreensallh8@wufoo.com,"oR1!'cC'5F""amz",mbarffordh8
622,bgarrowh9@java.com,pQ9(zd{>,tborhamh9
623,kladleyha@reverbnation.com,oB5!D1pt,ggeldertha
624,aveallhb@ovh.net,"kG1\$f0l(ke""z?l",cwalewskihb
625,agerltshc@prlog.org,"qQ8'WEN2,(L",spesterhc
626,bbarthropphd@bbc.co.uk,vG8>yxD?,naspolehd
627,bhansillhe@friendfeed.com,vA7<(x}Lc,fbarrowcloughhe
628,agutersonhf@live.com,iE2$@%c#Ms<6V`G,klomenhf
629,sgerssamhg@adobe.com,"uF2`gz0UVUw,N",rruddochhg
630,kkiehnehh@artisteer.com,hK7~5M#JGf>p.!,njeffreyhh
631,tjouleshi@chronoengine.com,sI3*\%0Lk>9MN,aballentimehi
632,jdarrachhj@aol.com,aT5%EN*|p,lsandelshj
633,fmcraehk@illinois.edu,"xG6*bkcGiD,j8gu",adenmeadhk
634,egallegoshl@yahoo.com,eU5(=}cBJs>oi,lchesmanhl
635,pbessonhm@chron.com,mC7*Kpdlm0+,aschankehm
636,cantonssonhn@fda.gov,bR2=>?|1zMw2o,jjephsonhn
637,bhenkeho@wikipedia.org,hI6=(3!V'11,bgravyho
638,cchorltonhp@ezinearticles.com,vI8|/}rikAT'fw,rshieldshp
639,rhantuschhq@mashable.com,jQ4<EJ3VBv0gf`xd,cbillhq
640,nolochanhr@angelfire.com,iN2{$R<U8=6),aeddisforthhr
641,gsiccombehs@typepad.com,tN3=l#G4Ej,hthrowerhs
642,aboyingtonht@icq.com,sL5`tmBU|+'>Bh,cpetitht
643,salveshu@washington.edu,kK0|JuPBOV6Zmn,ncallenderhu
644,cgoakeshv@list-manage.com,fX2_<w7PT,pstanionhv
645,mliefhw@sphinn.com,"dH0{Lm+eHT""/HpS",pvineallhw
646,mpyfordhx@wordpress.org,"rT6""*.9yGI",rlilbournehx
647,rmeinshy@samsung.com,sG2}VXwEF{kr6,tcolvinhy
648,clargenthz@domainmarket.com,"yB0<j""lt/lu$|3=",ccullonhz
649,srosenstocki0@google.com.br,xZ2${)N8!KwTJ.bl,jdreweryi0
650,athackhami1@joomla.org,hW5|q>wyOw.%,mlerhinani1
651,csoldii2@globo.com,jA0$luLIH|4z,gdearli2
652,cfernandesi3@washington.edu,iO7?'+\HzQ2,frispini3
653,hcornewalli4@economist.com,"gI3(0Ipg""q",ewhenmani4
654,rscandereti5@themeforest.net,lR8+%Br>u{,hpickardi5
655,kteaguei6@hexun.com,rD6\eXSj',jvincki6
656,jmcgaraghani7@hatena.ne.jp,eO4`1MF<,bkuhwaldi7
657,hmaccarteri8@china.com.cn,zH6.|D&2hP22$a,kstevensoni8
658,ulandelli9@nationalgeographic.com,jX4>|%K)!(u8TC,kcoleiroi9
659,acastelotia@chron.com,wD0\z4FtS3DY,aglisenania
660,mmordieib@indiegogo.com,kW3!lRhsv,roluwatoyinib
661,ubeurichic@telegraph.co.uk,lW0(#cpm,brosenfieldic
662,cstrelitzerid@vk.com,"fT0!*Ff4C,YP",lribbonid
663,cteasellie@yandex.ru,eK0=9Q'>4lq,tcordeixie
664,tlakelandif@last.fm,uD3.R4=zN,bclemitsif
665,etredgerig@businessweek.com,qP7|hC!jkVL,sworganig
666,msimisonih@people.com.cn,qP5%TFG=$)b4CtJx,alungeih
667,oethersonii@springer.com,"kJ0,oWibW",uadlamii
668,pbrotherheadij@imdb.com,eY3#Xl9Dv0|m,aabrahamssonij
669,gsyrattik@netscape.com,gS8'jQ%3@7,hpoloik
670,cchristescuil@bbb.org,uQ3<HfDbGHXoAlH,jriolfiil
671,pboltim@java.com,"kC2""PMJY!wX*7?",pbouldim
672,mmullyin@huffingtonpost.com,sG4=Jxn){iu,cmixworthyin
673,bsuddellio@columbia.edu,hK9>P1foh!},nmatteottiio
674,lbrewip@usa.gov,gT2!}IZ!\x~\Piv1,wlocheip
675,cgehrtziq@blogtalkradio.com,"zE9/?$x""o2",lresideiq
676,dlarrosair@geocities.jp,bR3.83&xj,nfrieir
677,jfoucheris@g.co,hW0(CSe*yH5gU!!,jscopesis
678,jwyndhamit@bandcamp.com,nZ5/>5\1,wdarrellit
679,nmckellochiu@thetimes.co.uk,gU8'2f4}WZ,ntriswelliu
680,wbaversoriv@instagram.com,"oL5,>DZ\",kcapouniv
681,bashfoldiw@ycombinator.com,"yU6/&Z<IWj)e""",czuponeiw
682,slauxix@homestead.com,uX2*5`t._nn7,ddowntonix
683,drawsthorneiy@odnoklassniki.ru,wI6|AF*u1>,mscothorneiy
684,daismaniz@google.de,tZ8<T*'@2VttV*`,coviseiz
685,tgiddyj0@amazon.de,fI0<{6P6cYlt,lcroalj0
686,ecrottyj1@g.co,dX9>vUn846,amarrianj1
687,mshuggj2@naver.com,gJ9@HuQJ'*r3&k,cmedlicottj2
688,acanetj3@moonfruit.com,iY8_`\\w,chawksleyj3
689,kkelnerj4@fotki.com,rG1\P&S.M)JCYh,epailj4
690,hcraydonj5@studiopress.com,mV1%1>J.xsI,phalesj5
691,dsporlej6@nytimes.com,tR7+>t2bQ%iQ=4,mbauj6
692,tgrovej7@amazonaws.com,yQ6}{W&aY??`\1,livashintsovj7
693,abrewertonj8@a8.net,uR4'W{(q9>d6<On7,jstarmerj8
694,apenhaligonj9@icq.com,dL7`T7M8u*kR,mbornej9
695,dpaoloja@cnn.com,vP6(sFGC>+LzX4,rworkja
696,pianiellojb@dedecms.com,eP5=9?$Z5hAp`w/,cgallerjb
697,storveyjc@edublogs.org,aN7/tV*7JcFz,npoznanskijc
698,mpoppyjd@cisco.com,gI9$cQx.8HZ94,cnewlinjd
699,kmcdermottrowje@accuweather.com,"lB2{,%7sAWky",aanniceje
700,agwilymjf@furl.net,uM0~r2()s%,bmadgewickjf
701,emillottjg@buzzfeed.com,"wO4&s75,?AD8*hw=",aparysiakjg
702,asavoryjh@t-online.de,uW5{W%\v~,kkirkwoodjh
703,hnalderji@arizona.edu,"fF9+R{bQZKz,",nwemji
704,hrubinovicijj@flickr.com,wN8/I5aM957{N,trickwoodjj
705,evinerjk@loc.gov,jM7?DWlZ)(,jrenhardjk
706,apyrtonjl@com.com,fK5(#@cs8O,cpeterkenjl
707,acollcuttjm@behance.net,cJ1'(>w$&e.,dszymonjm
708,bpoxonjn@arstechnica.com,gC9#)(xP>hOZ,lspencleyjn
709,ljewsonjo@dot.gov,sX8/v.V(t{5%,msteerejo
710,ppearlmanjp@si.edu,lI7<aI!)i?\aK3D,vcordaroyjp
711,ajacobssenjq@dedecms.com,tM5)LCp#,tburtonshawjq
712,bleglisejr@time.com,"wO4|r~O""7udl",jivakhinjr
713,atibbettsjs@domainmarket.com,vE1_SZmF&ZotiK,mboeterjs
714,rmcsheejt@jugem.jp,wI5?9Hk0daw$wA%,ekittowjt
715,jshelmerdineju@earthlink.net,jZ4_EBtALd+,ndanilevichju
716,swhiteoakjv@multiply.com,hW9?F3`9Y|rPHl,tseifertjv
717,bdenerjw@disqus.com,vL0?e+nDL=)SEDW@,wlockhartjw
718,eonnjx@storify.com,"fF0,BZs<m&<7=mL",mchurchjx
719,rsketcherjy@goo.gl,eO9*'=E2#|M0eQG,gburderjy
720,nmacnaughtonjz@sbwire.com,jZ0<l*aGtIP+9)V,rtilljz
721,drabidgek0@nymag.com,cC3>L!(ZsU,kferresk0
722,jcastellsk1@cornell.edu,zK3}*BP)`Q>'f!,bglowackik1
723,maymesk2@google.es,uC1$'cliIsF,bmabbotk2
724,bfootk3@wunderground.com,"aQ4)gOIcuw,J\",jfairmank3
725,bjaeggik4@privacy.gov.au,cH4|cW8?&(\4r~2e,awontnerk4
726,rberteletk5@fastcompany.com,"iA0!2YfPYrgc,s",rwittringtonk5
727,ayorkek6@dot.gov,fJ8*wC&UI&73,gsteaningk6
728,ababbidgek7@wiley.com,"pH5@TpLB<QR.u<Q,",lreddlek7
729,gscimonik8@linkedin.com,hX4+_C)An,xfraginok8
730,sbusherk9@vk.com,"xL1,Hco+H?aIN0GF",gmckerliek9
731,fallibertonka@tripadvisor.com,bP8(Z~hhi_o)@p,dgordenka
732,tperigeauxkb@skyrock.com,oE3._wO$odk@,locannankb
733,sbartosikkc@constantcontact.com,lF7@Bx'4XV,bbastenkc
734,tickovitskd@soundcloud.com,bG4&vzR}iS}@AGA3,gbourdelkd
735,vwoodvineke@opera.com,"hD6""?t@EpN<P",ggaskellke
736,abrownsillkf@linkedin.com,"wZ0/H{L`""",asangekf
737,mshepherdkg@jimdo.com,hB4/d4!ib7b7>J~,ltiremankg
738,ckhilkovkh@goodreads.com,qD8&?rbbD<@l*1X3,sspreullkh
739,esibleyki@deviantart.com,"yS7<a5JKU"".fo65W",mcariski
740,znelsenkj@de.vu,xJ6*NN@$v|#,hfrithkj
741,asaddkk@privacy.gov.au,xI6(uBp)Y=AM,tbignellkk
742,gcasebournekl@soup.io,aN3$Jxr},mlesperkl
743,alicciardikm@scribd.com,rC1`.g<d,kbethunekm
744,cdavidsohnkn@unc.edu,uI6\@N'xh!Z<k},bpriddiskn
745,kcostenko@bizjournals.com,iJ3}2zryI',adomoneyko
746,gcayleykp@wordpress.com,wY4?Ft$R_,jedworthykp
747,dministerkq@example.com,xJ1~2u_n,ceteenkq
748,hsmallcombkr@yale.edu,wL4=?_/#*<v&LS,adudbridgekr
749,rhatherallks@pen.io,"nQ3""NEcK2G|",hguinessks
750,masmuskt@creativecommons.org,qS2$8Pp!=.4q3b{S,jeisikovitshkt
751,llotheringtonku@princeton.edu,gH3<E=Szm8xv,dbillingsleyku
752,jpoulgreenkv@paginegialle.it,gQ6&eFFQy%ElkQ{,kteodorikv
753,emewkw@sourceforge.net,xU8>BG*!k/?GqSwF,jexterkw
754,kgoodspeedkx@flavors.me,tS4$AovZKC0,cmeaddowcroftkx
755,rguynemerky@xrea.com,eQ8.vdYh0hSVlP,ttayloky
756,srestorickkz@google.com,hF0#FfmeIyF&WO!O,smarshamkz
757,pebbettl0@devhub.com,sX3'DC$+_LBN,ccasollal0
758,esaycel1@deviantart.com,nN0@'Z'5e<p#ms,rglosterl1
759,asherruml2@bloglines.com,"hQ0.NAsK@D""qVA@",fblundell2
760,omcgraylel3@slideshare.net,"iI6%UF)it"",eK\s=",bbromelll3
761,mdinesenl4@homestead.com,lN4'aD'q.,llillicropl4
762,rwedmorel5@loc.gov,"vZ3>h,uFdf7'c$",nconstanzal5
763,oedwinsonl6@vimeo.com,pE8\y2%2p,bkingzethl6
764,emilnel7@hc360.com,oD6|5.7P,wmagnayl7
765,ajuszczykl8@com.com,pB1#UaAQ5p{kf?,bzollnerl8
766,ascoonl9@free.fr,"yG6(o>Jw,\m&",bdunlapl9
767,bsummerskillla@nasa.gov,yU7&l`PNKNRUWe2,dcrumpela
768,lgarleelb@hao123.com,nH1#$)a<F=L`?@fV,bgipsonlb
769,jlukianovichlc@harvard.edu,uZ3<GYW@NdwpS,cquartlylc
770,bitzkovicild@independent.co.uk,jZ7<S4*3NusK1,jjacobowitsld
771,ovedeneevle@hubpages.com,nC4+`M*J~Bv,cjedraszczykle
772,sflinderslf@merriam-webster.com,fF1_PpX?,ngiovannardilf
773,ascholeylg@i2i.jp,"kE2""Xe})Dz,0PkIS",jgrestelg
774,jtandeylh@mysql.com,qE8{iwtoZDm*krA,bbaudetlh
775,kdewfallli@cnn.com,fD2}XWF#ws.rB>q,rbutlerli
776,mcliburnlj@unblog.fr,cP7!'p>J,gfaseylj
777,wbuntinelk@ycombinator.com,"eD6""}mhFY""",mglaisnerlk
778,pdelcastelll@soundcloud.com,rZ0~0BEM7nwH.,ecastiglioll
779,egaveltonelm@uiuc.edu,cO9(WNr3Y,aslorancelm
780,ucarterln@freewebs.com,"qD2~exR&,*rnDe.~",gtarquiniln
781,wsudlowlo@bandcamp.com,fX2.w3tHi/,adreelanlo
782,kcossorlp@ed.gov,"bX9?A,E6u",jgipplp
783,bpalfreylq@nih.gov,uF1$v2j3IJbRACkT,wfeldmannlq
784,lsutlifflr@geocities.com,oZ9.ZN$y*G(r60,jkairnslr
785,dhebblels@thetimes.co.uk,"bD6/h{(4OD~,<|",rdommettls
786,ghellekerlt@blogtalkradio.com,lN7%tX1.Ci6x>@@,tallenderlt
787,mbowartlu@theglobeandmail.com,xY7@DRUa,erevelllu
788,ezanussiilv@phoca.cz,"lX1_PB,)0n`Qp",mgullberglv
789,lkeplinglw@hostgator.com,"kH4*e*p$kF,9(`HU",sbroxislw
790,ehollymanlx@linkedin.com,yH4?99}b7UpE{,ballportlx
791,ftillingly@sourceforge.net,"bQ8%{aUI""1*abBn_",rgiddenly
792,acasacchialz@i2i.jp,gB4.PdI&&10mm8<T,seacottlz
793,yoxfordm0@jimdo.com,zM3@gcfOD/6d,rsafferm0
794,bdumingosm1@stumbleupon.com,rW7}*Su.|ay)lv,twalworchem1
795,fcluerm2@ask.com,sW2|6dWq9Bc/J,hsillm2
796,lkemittm3@baidu.com,"dH3?7D,<?a",rwindmillm3
797,lagneaum4@seesaa.net,tQ9/V75Iqe&,rchritchleym4
798,dbrisbanem5@zimbio.com,bP0%7|pk,gwakelingm5
799,olisamorem6@usnews.com,pK9|\aHB,clinbohmm6
800,edunhillm7@reference.com,"dQ1_5PKh/(jPp""",losbornem7
801,cdiplockm8@miibeian.gov.cn,xL2{\Y/#IL,rchiechiom8
802,mheersm9@sbwire.com,nG5|XLQOv|r=,bskewism9
803,enewmanma@newyorker.com,eC1_F@d78P0,gbarksma
804,striswellmb@washingtonpost.com,mK6(_!u=({yn,gperigomb
805,rmacturloughmc@yahoo.com,bL9'+}c)9'$8qTk,wgazeymc
806,rdeaconsonmd@yandex.ru,"qR0,1m<rBL",fconnormd
807,aallumme@walmart.com,lJ3~F.l<%bemb,jlabroneme
808,zmccolemf@uiuc.edu,rO6)i>W5hBS.5,mbewmf
809,oseivwrightmg@zdnet.com,cQ4\5N_\,rlukeschmg
810,wsharplymh@alexa.com,fK3+MB$6y,fmcguffmh
811,szmitrukmi@kickstarter.com,"zI6?l={m1\`CcN""f",dhubbucksmi
812,caimemj@amazon.co.jp,"vO6*""c#1",vcockerhammj
813,rpfiffermk@timesonline.co.uk,uU1\PEm@#,emeharrymk
814,tjanousml@slashdot.org,zF1<.y`reJe,nbarkworthml
815,dgadsdenmm@cornell.edu,"nE9*,t+7JStl7U",rsalomonmm
816,fhardwidgemn@blogger.com,uZ3>5W?$,trosenbushmn
817,tcornewmo@squarespace.com,vU2%cq?YeZ8,achipmanmo
818,gswainsonmp@dailymail.co.uk,dN6*>eRnW==vwj,swetherickmp
819,byurinmq@edublogs.org,"lR1_""hxPg",mhattermq
820,ejacobowitzmr@netlog.com,aW8)z=3OFw>,ewhytockmr
821,bhowatms@toplist.cz,mG7\Z=T\l$Et\#~,rmckeems
822,mmontfortmt@a8.net,aX0*7G*qiOfEQ,sbalfmt
823,rrekesmu@ifeng.com,"qF9*uKd?&x,",jbankhurstmu
824,kscrimgeourmv@last.fm,hH2.e8#v,jboolmv
825,aghelardonimw@amazon.de,"wL9!p,)2~@JV/4",acumptonmw
826,ktomaellomx@gov.uk,eB2?+il7Aw,fenrigomx
827,ajensonmy@i2i.jp,kZ4{Z+x$*L?&p$+,klettleymy
828,psiberrymz@studiopress.com,wV1}z&yV??,kdownagemz
829,shudeln0@jigsy.com,wM1+A|{)v7Ex`.,lmaccarin0
830,ihairsinen1@comsenz.com,oN4(O1MAlpIp*u.,lprinn1
831,jpinillan2@purevolume.com,nN6?h.DO2waH3lBn,ecrucesn2
832,lwinleyn3@apache.org,xQ8&p0\tk_v?g\2,maingen3
833,hallonn4@loc.gov,dC2\&W5&l1_N#4,gsoutarn4
834,asearchn5@intel.com,lO3'LUL{R5e,jdymoken5
835,abutten6@java.com,sG9|bsjy+QH2,tspornern6
836,esheppardn7@yahoo.com,pD2?M$lvSFf@,lkurdanin7
837,vswainstonn8@hexun.com,"qI0%IzAz7Hb,=f",hheathcoten8
838,mhaldenbyn9@livejournal.com,qW1`t+S4,estanbridgen9
839,cdougaryna@disqus.com,"pO4{5,nr",tcanhamna
840,proggierinb@tumblr.com,sV3~$F1vJ!WQdc,lcasalinb
841,cjoretnc@creativecommons.org,bO4|ZC>9,edalmeidanc
842,opapend@illinois.edu,"zX1%#Y`""At'z#j",blemarnd
843,alukasikne@google.ru,xT2#VBwfFE+NtXNx,cbuggne
844,fmarjoribanksnf@amazon.co.jp,"bC5,$%M2D",ckintonnf
845,hbirdwhistellng@ameblo.jp,"fF4`4r1u3""<V",dslaughterng
846,ielphnh@prnewswire.com,gF0$zky'b,vwisbeynh
847,sbroadstockni@dropbox.com,dF9\%YG95<G)tW2,fclarkeni
848,kromannj@redcross.org,pG8}7?Ax@g>@1,cshurynj
849,evallintinenk@google.fr,oK2_Sdl|,cblandfordnk
850,dslitenl@ca.gov,gB6`HStmU|C,charyngtonnl
851,oruggieronm@friendfeed.com,cG8#6DC4,rgandynm
852,dmcronaldnn@linkedin.com,"gY7""1E/Ad_tm'oB",mhargrevesnn
853,mjessopeno@hp.com,lW4&S'u1o}E\,pexterno
854,lfawcusnp@cdbaby.com,"nW1$""X'!6f""`>",jsudellnp
855,lbernaldeznq@epa.gov,"yC6)kfo9)}f""*5",cpetkovnq
856,ofettersnr@disqus.com,hN0\Locd%G=sa,athompsonnr
857,mcrisellns@hexun.com,gN2~P)rz,esimonouns
858,ldarynt@wisc.edu,mI9_QdS&WCs,gkillinernt
859,abrockingtonnu@biblegateway.com,wK0.<CNNeely9!k,bpococknu
860,acolbournenv@barnesandnoble.com,"pF4{m,(P",ipropnv
861,kolyfatnw@oaic.gov.au,rI0!{u2i$n$d(w,jkopfennw
862,cpourveernx@deliciousdays.com,uP9(_y<`F~,kreublenx
863,vpetrouny@acquirethisname.com,dO0(wB+4,hharrissonny
864,hklimschaknz@free.fr,jD4`sJ`U,ldownagenz
865,jholsono0@liveinternet.ru,"gX9<,um""Q@zTTqVr",rpellanto0
866,aconryo1@ft.com,jT1.jhNlF=fKs>N,mblaseo1
867,ebeechamo2@ow.ly,aZ4)WG@Vg,mklemenzo2
868,nelvisho3@webnode.com,"gP3,T(/{BFCy%m",nwollacotto3
869,dherleyo4@furl.net,"jN9$9,6)%Bp@#4""",kwhalo4
870,ndodello5@howstuffworks.com,vN6`+GW},dlukehursto5
871,gtattersfieldo6@nsw.gov.au,"uZ4`D/,DQp_S",oferbracheo6
872,skido7@ox.ac.uk,iW1}TV80q0y?U}F,wkornilovo7
873,bhuglando8@reuters.com,aB8/P\@i$GtP,abestwallo8
874,upavolinio9@netscape.com,"dY6!h""@)}33&5",wundrillo9
875,gsewalloa@constantcontact.com,dH6=BT.=b'yS,rcicchitellooa
876,rbrideob@facebook.com,qJ9~(4sH{k%#~sqK,fledwardob
877,imilbankoc@sciencedaily.com,nX2_=?2o(,kkoberaoc
878,vclaysonod@nydailynews.com,"qU4!'JhV""S?",tdudleyod
879,cszymanowskioe@elpais.com,"qO0}|/<(mi{_oM,",mtredwelloe
880,btremeerof@github.com,hM5)eQ0V$'e?s,cbridelof
881,mhuitsonog@webmd.com,"uL7$NUa%,!T",bpatekog
882,nlandersoh@unc.edu,tH3@#Y#kA,jolesoh
883,dduceoi@howstuffworks.com,"jL3_ynJd,A",gcotterilloi
884,wreddyoj@xinhuanet.com,fW8@*x>f6bFyc,adudingoj
885,ghyamok@google.co.uk,tK2=ewsM2m,cvernazzaok
886,kbowringol@hubpages.com,"jS7!KC1{""}#B",cmacanelleyol
887,bblampeyom@dion.ne.jp,"qJ4""*+HpT",rmccrainorom
888,jsandyfordon@dell.com,jK5'5}kG=yG,kmyleson
889,hligginsoo@discuz.net,aB6{3{+4doP.A%,jameerbegoo
890,dhuzzayop@craigslist.org,tG5%ks~Agq7+,bshoardop
891,cthodayoq@about.me,sN7'Y5S%1n0,ncaldronioq
892,bellifor@howstuffworks.com,mH7*74jN/,rlipscombeor
893,fcherryholmeos@godaddy.com,bX5{.}gqA,lwensleyos
894,gleflochot@github.com,eV4)U(5&,slighternessot
895,hfarransou@stanford.edu,zT6!w.}>_p5riE,plopesou
896,ronolanov@icq.com,mW7&Bt\P,tabramskiov
897,tgoomsow@instagram.com,dC2\Pfpwk,ahinrichow
898,cropkesox@github.com,yM7#esuF#m,azanussiiox
899,csuttlingoy@netlog.com,nY7!4{~hr%T,cbausoroy
900,ohobbemaoz@devhub.com,pI1`D'2Xa1,dkryszkaoz
901,ddeamp0@printfriendly.com,oR5+mOoi%,nmcmickanp0
902,enarracottp1@mysql.com,sN0=Pl_n2P,adarbyshirep1
903,vdemougeotp2@google.cn,zW5/T}EUu_6aV\,cwignallp2
904,cyuranovevp3@webeden.co.uk,qB8>hYEOS?z$0,jdrynanp3
905,btomkowiczp4@github.io,mT6&Dh=MRN=+e($,eodriscollp4
906,lgilleasep5@washingtonpost.com,fZ9%wo8EvR}0?L,otewnionp5
907,mcammackep6@slideshare.net,"hK7)#C|7F2&i=""C",mpattenp6
908,fpickrillp7@a8.net,dD2~e/r&H&N?)0,nmeep7
909,jvoadenp8@nymag.com,dX6!Q{TjWI,jjennisonp8
910,soakeshottp9@hao123.com,oY1.ps(w%M8%<,ebatiep9
911,nburgotpa@sitemeter.com,mQ6|UN\8,rbostonpa
912,arotherpb@4shared.com,dJ2+faT(j\{O,mandrosikpb
913,mfrontczakpc@forbes.com,yK5?St/8_HW,bguitonpc
914,wtolanpd@who.int,"vM6,Dw\@M$g",fgrindlepd
915,gneatpe@rediff.com,"wY7's&#,'D%,N{",lcastaniepe
916,swyburnpf@nih.gov,"qH8@.0lGo""4`",rminocchipf
917,mkynstonpg@home.pl,"sD2&1H(,g1q(MZq",gveryanpg
918,sspowardph@aol.com,cU6.Ww\/I+7$5vQ,mmakeyph
919,hkemepi@rediff.com,wB5%gstj$LVr>,coffnerpi
920,lsmorthitpj@clickbank.net,yC0+nQQc,mgreensittpj
921,coloughanepk@wiley.com,xR8/Xk*Vm,rbartholinpk
922,whousepl@ibm.com,wC8(ysJH%~C(}L,shaccletonpl
923,kebbenpm@ed.gov,nI4&j+.BQb<+O,jsouthwellpm
924,dpietronipn@ihg.com,mI3'S_)VA,asimchenkopn
925,zmcmakinpo@paginegialle.it,nV2.iAzu~,jglazerpo
926,csquibepp@cdbaby.com,eG0}!QxyJ4bkek0$,adraceypp
927,tantoneypq@infoseek.co.jp,"eH2,@d.Aexa",khuyhtonpq
928,lwhitleypr@soundcloud.com,gH5\\>shqE0C==|,ndavissonpr
929,ewhallps@walmart.com,rY8=G/\*~,rcapinps
930,jwetherillpt@constantcontact.com,"lZ4""IbtB1S}N'hl",lbecclespt
931,cropkespu@drupal.org,rL1/sZ%\h,mdevineypu
932,sstreetfieldpv@ed.gov,mY1)%wq1&(_,ubonehampv
933,blaingepw@ning.com,"pQ4,1(!O0D0YQxr",epymerpw
934,acobdenpx@springer.com,"pM5,ue0E*wo.",apotticarypx
935,aibellpy@adobe.com,hR6=zP'uJ~(\2Hb',jmcnuffpy
936,lobrollachainpz@latimes.com,"lQ5$x""@gaObQ",jpenellapz
937,nmoffattq0@about.com,yE2\{(#X>N<mDXBo,aedscerq0
938,phelstripq1@nih.gov,rR2_Z*wJVt=O,hrickwordq1
939,cgertzq2@mail.ru,"kP4$y\,m/.#kfO",mpatmoreq2
940,mdallmanq3@t-online.de,fV1>BKU7ej,ristonq3
941,mtrittamq4@aol.com,iO6&VWSla,bengleyq4
942,mgreyesq5@pbs.org,"dY1_S0,ju\w`_a,K",dthodayq5
943,lmograq6@opensource.org,"lH3(7Lm""K+ipFDQ8",bmansellq6
944,rpanswickq7@google.co.jp,xI5>#%'=4!,kforsydeq7
945,kilesq8@comsenz.com,jR7(ejY$\,dhegdenq8
946,rconstantineq9@list-manage.com,kA8*4EZc|6,fweabenq9
947,civakinqa@alibaba.com,lD5)+PIu,bkyteqa
948,aleverittqb@reference.com,hZ9/*lZ*,gwhittleseaqb
949,gwivellqc@mediafire.com,"iC7,}vQ@Of@1CR",agrimbaldestonqc
950,tclousleyqd@senate.gov,"qE1@,!(6knBs",cburchqd
951,mburrissqe@patch.com,vR7}8Q)'V_(,fpoleyqe
952,fmiddlerqf@state.tx.us,pB7'&Cc'nOt@Ge&,gabdeeqf
953,gellerbeckqg@networkadvertising.org,"wX6#5,lXH~+",cpridhamqg
954,apresdieqh@bluehost.com,jI0@7tlM<_Q'b82,fboyfordqh
955,ddredgeqi@hatena.ne.jp,"iR2.k,TL(",bbundyqi
956,bogersqj@cbslocal.com,iF3'>AFE+0,mmarishenkoqj
957,ntivnanqk@networksolutions.com,"eW0?5""uIBCY_#""v",nboutwellqk
958,lbottiniql@huffingtonpost.com,uN8|5=.x<t>8lb%,mmooganql
959,rnisenqm@ow.ly,nM5&_HG5,jnorthwoodqm
960,wgraysmarkqn@narod.ru,rJ9&}5!Q2LN/Of%_,bmcevayqn
961,bosmentqo@youtu.be,pB5(0H4/uHi5T,wpicheqo
962,asayceqp@amazon.co.jp,nU6|IF*s3wCoLX,ohallgarthqp
963,kmelbourneqq@cnn.com,vR3\k3+OZ,strahairqq
964,gflippiniqr@scientificamerican.com,tP6!f63IK,khardistryqr
965,kshillumqs@gnu.org,wW4>mR1S}K,sdoolandqs
966,dclimanceqt@photobucket.com,wE8{Ud~.,jhartfleetqt
967,graffinqu@geocities.com,gQ3%g&bw=FuLDM,mhamlettqu
968,dshepperdqv@t.co,"mO0.7#EUQS""tKl_",garendqv
969,kcopeqw@blogtalkradio.com,lI4(z&@?J`7%p1L{,mclaydenqw
970,ahalewoodqx@washingtonpost.com,dS4?Q4e8e@y,fknealeqx
971,tscramageqy@pen.io,hL9/RhRj,skubicekqy
972,bpetrovicqz@nih.gov,uZ5*a~9Z,chiddersleyqz
973,gcorbettr0@sourceforge.net,bU3/UN%+@V),cesmondr0
974,ghovardr1@addtoany.com,uK2&x)J)Z6aO%>i<,aaisbettr1
975,wgransdenr2@hp.com,gI7{CA+N3y0,rochterlonyr2
976,hcraiggr3@webnode.com,"iV9!F?1{#}2"">X",efleischmannr3
977,mdagostinor4@cisco.com,pX4<~SbSb7O8v,nreimerr4
978,owolpertr5@miitbeian.gov.cn,qR4%UWbs5=o1<g,mfrowder5
979,sibler6@opensource.org,"bO9{f8~TG""'",rhenrier6
980,etruesdaler7@nifty.com,iY5!/#9A,dbindinr7
981,ssorensenr8@gravatar.com,"aP5({XLqGH""ux>mT",qstrongitharmr8
982,jrockinghamr9@joomla.org,iH7@sitQj{HE0ZO},mbernolletr9
983,dcasacciora@home.pl,vP8_.VOU{_xVmXZ`,ncarwithimra
984,ffilipczynskirb@google.fr,jE2(L?zo4,jjenicekrb
985,jlotteringtonrc@miibeian.gov.cn,nX0\%L}dlULW$KG,jlodwigrc
986,ptoffalonird@examiner.com,tX5|f}jDqEqSJqqo,lderringtonrd
987,kbissettre@mashable.com,oE4'/Rc8TL,espelmanre
988,cwhelbandrf@berkeley.edu,iL7)vNh/5,lmoyrf
989,cdelamainerg@paypal.com,wH9*\{UGCR&u,mwandenrg
990,rtheussrh@behance.net,pN5~EWVu_,dhayseyrh
991,mgierhardri@liveinternet.ru,zT8<Z9Oqx<x+,asodori
992,dgibbsrj@cnn.com,"fK5,lFbZYT0",bhillumrj
993,khughesdonrk@tripod.com,fW0@iC%q=k,lpiserrk
994,grennerrl@sbwire.com,pT0.>lbWlx~c`_K~,bspinolarl
995,vleborgnerm@disqus.com,"zU7|CT$"".bh5QG4",dsatchrm
996,ccastendarn@prnewswire.com,eI1'J=)z,fknobellrn
997,blegisterro@google.com.hk,qX7?I*6@Fm,jharomero
998,crenardrp@dot.gov,mV8?795}s,mhaganrp
999,wduckitrq@rediff.com,sI6~UZ.03|gM}0?,cwaycotrq
1000,yfollinrr@reverbnation.com,"vD5,Gt1.lp",cgoraccirr
